CATEGORY,NAME,ENTRY_URL,ORDER,HIDDEN
Games,Swell Foop,games/swell-foop/,10,0
Games,Snake,games/snake/,20,0
Games,Dino Run,games/dino-run/,30,0
Games,Car Run,games/car-run/,40,0
Games,Browser FPS,games/browser-fps/,90,0
Games,D-Pad Controller,controller/,95,1
Media,TV,tv/,10,0
Media,Webcam,media/webcam/,20,0
Media,Paint,media/paint/,20,0
Media,Photo Editor,media/photo-editor/,60,0
Media,Phone,media/phone/,60,0
Tools,Calculator,tools/calculator/,10,0
Tools,NE-India Dictionary,tools/nei-dict/,30,0
Tools,MS Word Diff,tools/msword_diff/,40,0
Tools,Notepad,tools/notepad/,50,0
Tools,Weather,tools/weather-chart/,60,0
Office,Spreadsheet,office/spreadsheet/,60,0
Tools,Learning HTMl (basic),tools/learning-html/,100,0
Desktop,vDesktop,tools/vDesktop/,10,0
About,About,about/,10,0
About,Contact,about/contact.txt,20,0
About,Feedback,about/feedback.txt,30,1
