tvg-id,category
9XM.in@SD,home-more
PunjabiHits.in@SD,home-more
DhoomMusic.in@SD,home-more
Tunes6.in@SD,home-more
NHKWorldJapan.jp@SD,home-more
MithilaNepalTV.np@SD,home-more
Nepal1.in@SD,home-more
KantipurMax.np@SD,home-more
KantipurTV.np@HD,home-more
KantipurTV.np@SD,home-more
SkySportsMainEvent.ie@HD,home-more
SkySportsMainEvent.uk@HD,home-more
beINSportsUSA.us@SD,home-more
beINSPORTSXTRA.us@SD,home-more
INFAST.nl@SD,home-more
ZeeAction.in@SD,home-more
ZeeBollymovies.in@SD,home-more
ZeeCinema.in@HD,home-more
ZeeCinema.in@SD,home-more
AnmolCinema2.in@SD,home-more
BollywoodHD.ro@Russia,home-more
FoodFood.in@SD,home-more
AlJazeera.qa@English,home-more
AlJazeera.qa@EnglishHD,home-more
WION.in@SD,home-more
ETNow.in@SD,home-more
TimesNowWorld.in@SD,home-more
PrathamKhabar24x7.in@SD,home-more
AssamTalks.in@SD,home-more
TVPunjab.ca@SD,home-more
Colors.in@HD,home-more
ColorsInfinity.in@SD,home-more
MTV.in@SD,home-more
MTV.in@HD,home-more
SonyEntertainmentTelevision.in@HD,home-more
StarMaa.in@HD,home-more
CineSony.us@SD,home-more
CineTerror.us@US,home-more
SonyMax1.in@SD,home-more
SonyMax.in@SD,home-more
SonyMovies.br@SD,home-more
9XTashan.in@SD,home-more
B4UBhojpuri.in@SD,home-more
EpicBhojpuri.in@SD,home-more
OscarMoviesBhojpuri.in@SD,home-more
HiDost.in@SD,home-more
Goldmines2.in@SD,home-more
DDIndia.in@SD,home-more
DDBharati.in@SD,home-more
DDKisan.in@SD,home-more
DDManipur.in@SD,home-more
DDMizoram.in@SD,home-more
DDTripura.in@SD,home-more
SansadTV1.in@SD,home-more
SansadTV2.in@HD,home-more
Gyandarshan.in@SD,home-more
VyasChannel.in@SD,home-more
